{
    "trilogije": [
      {
        "naziv": "Lord of the rings",
        "filmovi": [
          {
            "naslov": "The Fellowship of the Ring",
            "autor": "Peter Jackson",
            "godina": 2001,
            "duljina": "178 min"
          },
          {
            "naslov": "The Two Towers",
            "autor": "Peter Jackson",
            "godina": 2002,
            "duljina": "179 min"
          },
          {
            "naslov": "The Return of the King",
            "autor": "Peter Jackson",
            "godina": 2003,
            "duljina": "201 min"
          }
        ]
      },
      {
        "naziv": "Hobbit",
        "filmovi": [
          {
            "naslov": "An Unexpected Journey",
            "autor": "Peter Jackson",
            "godina": 2012,
            "duljina": "169 min"
          },
          {
            "naslov": "The Desolation of Smaug",
            "autor": "Peter Jackson",
            "godina": 2013,
            "duljina": "161 min"
          },
          {
            "naslov": "The Battle of the Five Armies",
            "autor": "Peter Jackson",
            "godina": 2014,
            "duljina": "144 min"
          }
        ]
      },
      {
        "naziv": "Star Wars",
        "filmovi": [
          {
            "naslov": "The Phantom Menace",
            "autor": "George Lucas",
            "godina": 1999,
            "duljina": "136 min"
          },
          {
            "naslov": "Attack of the Clones",
            "autor": "George Lucas",
            "godina": 2002,
            "duljina": "142 min"
          },
          {
            "naslov": "Revenge of the Sith",
            "autor": "George Lucas",
            "godina": 2005,
            "duljina": "140 min"
          },
          {
            "naslov": "A New Hope",
            "autor": "George Lucas",
            "godina": 1977,
            "duljina": "121 min"
          },
          {
            "naslov": "The Empire Strikes Back",
            "autor": "Irvin Kershner",
            "godina": 1980,
            "duljina": "124 min"
          },
          {
            "naslov": "Return of the Jedi",
            "autor": "Richard Marquand",
            "godina": 1983,
            "duljina": "131 min"
          }
        ]
      },
      {
        "naziv": "Godfather",
        "filmovi": [
          {
            "naslov": "The Godfather",
            "autor": "Francis Ford Coppola",
            "godina": 1972,
            "duljina": "175 min"
          },
          {
            "naslov": "The Godfather Part II",
            "autor": "Francis Ford Coppola",
            "godina": 1974,
            "duljina": "202 min"
          },
          {
            "naslov": "The Godfather Part III",
            "autor": "Francis Ford Coppola",
            "godina": 1990,
            "duljina": "162 min"
          }
        ]
      },
      {
        "naziv": "Marvel Avengers",
        "filmovi": [
          {
            "naslov": "The Avengers",
            "autor": "Joss Whedon",
            "godina": 2012,
            "duljina": "143 min"
          },
          {
            "naslov": "Avengers: Age of Ultron",
            "autor": "Joss Whedon",
            "godina": 2015,
            "duljina": "141 min"
          },
          {
            "naslov": "Avengers: Infinity War",
            "autor": "Anthony and Joe Russo",
            "godina": 2018,
            "duljina": "149 min"
          },
          {
            "naslov": "Avengers: Endgame",
            "autor": "Anthony and Joe Russo",
            "godina": 2019,
            "duljina": "181 min"
          }
        ]
      },
      {
        "naziv": "X-men",
        "filmovi": [
          {
            "naslov": "X-Men",
            "autor": "Bryan Singer",
            "godina": 2000,
            "duljina": "104 min"
          },
          {
            "naslov": "X2",
            "autor": "Bryan Singer",
            "godina": 2003,
            "duljina": "134 min"
          },
          {
            "naslov": "X-Men: The Last Stand",
            "autor": "Brett Ratner",
            "godina": 2006,
            "duljina": "104 min"
          },
          {
            "naslov": "X-Men: First Class",
            "autor": "Matthew Vaughn",
            "godina": 2011,
            "duljina": "132 min"
          },
          {
            "naslov": "X-Men: Days of Future Past",
            "autor": "Bryan Singer",
            "godina": 2014,
            "duljina": "131 min"
          },
          {
            "naslov": "X-Men: Apocalypse",
            "autor": "Bryan Singer",
            "godina": 2016,
            "duljina": "144 min"
          },
          {
            "naslov": "X-Men: Dark Phoenix",
            "autor": "Simon Kinberg",
            "godina": 2019,
            "duljina": "113 min"
          }
        ]
      }
    ]
  }
  